insert into photo(photo_id,small_url) values('1','https://picsum.photos/200/300');
insert into photo(photo_id,small_url) values('2','https://picsum.photos/200/300');
insert into photo(photo_id,small_url) values('3','https://picsum.photos/200/300');
insert into photo(photo_id,small_url) values('4','https://picsum.photos/200/300');
insert into photo(photo_id,small_url) values('5','https://picsum.photos/200/300');
insert into book(book_id,isbn,published_date,rating,title,total_pages,photo_id) values(1,989,current_date,8,'Half Girlfriend',123,1);
insert into book(book_id,isbn,published_date,rating,title,total_pages,photo_id) values(2,758,current_date,9,'Five Point Someone',158,2);
insert into book(book_id,isbn,published_date,rating,title,total_pages,photo_id) values(3,657,current_date,6,'2 States',215,3);
insert into book(book_id,isbn,published_date,rating,title,total_pages,photo_id) values(4,845,current_date,10,'Revolution 2020',168,4);
insert into book(book_id,isbn,published_date,rating,title,total_pages,photo_id) values(5,389,current_date,8,'One Night @ Callcenter',158,5);
insert into category(category_id,category) values(1,'Novel');
insert into category(category_id,category,parent_id) values(2,'Classics',1);
insert into category(category_id,category,parent_id) values(3,'Romance',1);
insert into category(category_id,category,parent_id) values(4,'Humour and satire',1);
insert into books_categories(book_id,category_id) values(1,3);
insert into books_categories(book_id,category_id) values(2,2);
insert into books_categories(book_id,category_id) values(2,4);
insert into books_categories(book_id,category_id) values(3,3);
insert into books_categories(book_id,category_id) values(4,3);
insert into books_categories(book_id,category_id) values(4,4);
insert into books_categories(book_id,category_id) values(5,2);
insert into books_categories(book_id,category_id) values(5,3);
insert into author(author_id,birth_date,first_name,last_name) values(1,current_date,'Chetan','Bhagat');
insert into author(author_id,birth_date,first_name,last_name) values(2,current_date,'Amish','Trivedi');
insert into author(author_id,birth_date,first_name,last_name) values(3,current_date,'I.K.','Vijadivala');
insert into books_authors(book_id,author_id) values(1,1);
insert into books_authors(book_id,author_id) values(1,3);
insert into books_authors(book_id,author_id) values(2,1);
insert into books_authors(book_id,author_id) values(3,3);
insert into books_authors(book_id,author_id) values(3,3);
insert into books_authors(book_id,author_id) values(4,2);
insert into books_authors(book_id,author_id) values(5,3);